Surprised,Nervous,Scared,Sad,Excited,Angry
1.6,-1.5,0.9,1.6,0.2,-1.4
-1.2,1.7,1,-1.3,-0.7,0.9
1.2,1.5,-0.6,-0.6,2,-2
-0.3,0.3,-0.4,-2,1.2,-1.9
-0.0999999999999999,-0.7,1.7,-1.6,-1.2,-0.0999999999999999
-2,0.2,-0.5,0.2,-0.8,1
